timestamp,action,hours_open,x_exchange,y_exchange,x_price,y_price,x_funding_rate,y_funding_rate,receiver,x_is_long,y_is_long,exit_reason,reason
2025-11-16 20:49:42.041048,enter,0.0,hyperliquid,lighter,3096.6,3096.13,1.25e-05,0.0012,y,True,False,,
2025-11-16 20:50:42.041329,hold,0.016666744722222224,hyperliquid,lighter,3095.6,3096.18,1.25e-05,0.0012,y,True,False,,
2025-11-16 20:51:42.041557,hold,0.03333347472222222,hyperliquid,lighter,3095.5,3095.2,1.25e-05,0.0012,y,True,False,,
2025-11-16 20:52:42.041825,hold,0.050000215833333334,hyperliquid,lighter,3093.6,3095.67,1.25e-05,0.0012,y,True,False,,
2025-11-16 20:58:42.043712,enter,0.0,hyperliquid,lighter,3094.5,3090.76,1.25e-05,0.0012,y,True,False,,
2025-11-16 20:59:42.043974,hold,0.016666739444444443,hyperliquid,lighter,3090.0,3094.82,1.25e-05,0.0012,y,True,False,,
2025-11-16 21:00:42.044213,hold,0.0333334725,hyperliquid,lighter,3095.6,3094.82,1.25e-05,0.0012,y,True,False,,
2025-11-16 21:01:42.044417,hold,0.05000019583333334,hyperliquid,lighter,3093.7,3094.48,1.25e-05,0.0012,y,True,False,,
2025-11-16 21:02:42.044667,hold,0.06666693194444445,hyperliquid,lighter,3092.0,3091.46,1.25e-05,0.0012,y,True,False,,
2025-11-16 21:03:42.044938,hold,0.08333367388888888,hyperliquid,lighter,3088.3,3082.63,1.25e-05,0.0012,y,True,False,,
2025-11-16 21:04:42.045174,hold,0.1000004061111111,hyperliquid,lighter,3080.7,3079.24,1.25e-05,0.0012,y,True,False,,
2025-11-16 21:05:42.045422,hold,0.11666714166666667,hyperliquid,lighter,3078.6,3082.97,1.25e-05,0.0012,y,True,False,,
2025-11-16 21:06:42.045716,hold,0.13333389,hyperliquid,lighter,3082.9,3072.46,1.25e-05,0.0012,y,True,False,,
2025-11-16 21:07:42.045980,hold,0.15000063,hyperliquid,lighter,3072.1,3074.71,1.25e-05,0.0012,y,True,False,,
2025-11-16 21:08:42.046247,hold,0.16666737083333333,hyperliquid,lighter,3075.1,3075.55,1.25e-05,0.0012,y,True,False,,
2025-11-16 21:09:42.046502,hold,0.18333410833333333,hyperliquid,lighter,3075.2,3077.77,1.25e-05,0.0012,y,True,False,,
2025-11-16 21:10:42.046743,hold,0.20000084194444442,hyperliquid,lighter,3076.4,3075.93,1.25e-05,0.0012,y,True,False,,
2025-11-16 21:11:42.047006,hold,0.21666758166666666,hyperliquid,lighter,3075.2,3073.82,1.25e-05,0.0012,y,True,False,,
2025-11-16 21:12:42.047386,hold,0.2333343538888889,hyperliquid,lighter,3072.6,3070.85,1.25e-05,0.0012,y,True,False,,
2025-11-16 21:13:42.047627,hold,0.2500010875,hyperliquid,lighter,3069.3,3073.65,1.25e-05,0.0012,y,True,False,,
2025-11-16 21:14:42.047859,hold,0.2666678186111111,hyperliquid,lighter,3072.2,3072.0,1.25e-05,0.0012,y,True,False,,
2025-11-16 21:15:42.048079,hold,0.2833345463888889,hyperliquid,lighter,3071.8,3076.04,1.25e-05,0.0012,y,True,False,,
2025-11-16 21:16:42.048318,hold,0.30000127944444444,hyperliquid,lighter,3075.0,3076.73,1.25e-05,0.0012,y,True,False,,
2025-11-16 21:17:42.048586,hold,0.31666802055555554,hyperliquid,lighter,3075.4,3076.72,1.25e-05,0.0012,y,True,False,,
2025-11-16 21:18:42.048830,hold,0.33333475500000004,hyperliquid,lighter,3075.4,3069.12,1.25e-05,0.0012,y,True,False,,
2025-11-16 21:19:42.049085,hold,0.3500014925,hyperliquid,lighter,3068.4,3071.21,1.25e-05,0.0012,y,True,False,,
2025-11-16 21:20:42.049337,hold,0.3666682291666667,hyperliquid,lighter,3070.4,3074.72,1.25e-05,0.0012,y,True,False,,
2025-11-16 21:21:42.049593,hold,0.38333496694444447,hyperliquid,lighter,3073.5,3070.21,1.25e-05,0.0012,y,True,False,,
2025-11-16 21:22:42.049838,hold,0.40000170166666665,hyperliquid,lighter,3068.7,3069.79,1.25e-05,0.0012,y,True,False,,
2025-11-16 21:26:42.110839,enter,0.0,hyperliquid,lighter,3062.8,3065.58,1.25e-05,0.0012,y,True,False,,
2025-11-16 21:27:42.111081,hold,0.01666673388888889,hyperliquid,lighter,3065.7,3066.47,1.25e-05,0.0012,y,True,False,,
2025-11-16 21:28:42.111326,hold,0.03333346861111111,hyperliquid,lighter,3066.2,3068.56,1.25e-05,0.0012,y,True,False,,
2025-11-16 21:29:42.111517,hold,0.050000188333333334,hyperliquid,lighter,3067.6,3066.77,1.25e-05,0.0012,y,True,False,,
2025-11-16 21:30:42.111793,hold,0.06666693166666667,hyperliquid,lighter,3065.8,3068.39,1.25e-05,0.0012,y,True,False,,
2025-11-16 21:31:42.112042,hold,0.0833336675,hyperliquid,lighter,3067.6,3074.6,1.25e-05,0.0012,y,True,False,,
2025-11-16 21:32:42.112298,hold,0.10000040527777779,hyperliquid,lighter,3073.7,3077.16,1.25e-05,0.0012,y,True,False,,
2025-11-16 21:33:42.112545,hold,0.11666714055555556,hyperliquid,lighter,3076.2,3074.64,1.25e-05,0.0012,y,True,False,,
2025-11-16 21:34:42.112799,hold,0.13333387777777778,hyperliquid,lighter,3073.6,3068.19,1.25e-05,0.0012,y,True,False,,
2025-11-16 21:35:42.113044,hold,0.1500006125,hyperliquid,lighter,3067.4,3071.6,1.25e-05,0.0012,y,True,False,,
2025-11-16 21:36:42.113300,hold,0.1666673502777778,hyperliquid,lighter,3070.8,3071.3,1.25e-05,0.0012,y,True,False,,
2025-11-16 21:37:42.113604,hold,0.18333410138888886,hyperliquid,lighter,3070.6,3068.22,1.25e-05,0.0012,y,True,False,,
2025-11-16 21:38:42.113832,hold,0.20000083138888888,hyperliquid,lighter,3068.0,3069.64,1.25e-05,0.0012,y,True,False,,
2025-11-16 21:39:42.114023,hold,0.21666755111111113,hyperliquid,lighter,3069.1,3073.29,1.25e-05,0.0012,y,True,False,,
2025-11-16 21:40:42.114195,hold,0.23333426555555556,hyperliquid,lighter,3072.4,3074.45,1.25e-05,0.0012,y,True,False,,
2025-11-16 21:41:42.114477,hold,0.25000101055555557,hyperliquid,lighter,3073.4,3073.28,1.25e-05,0.0012,y,True,False,,
2025-11-16 21:42:42.114722,hold,0.26666774527777776,hyperliquid,lighter,3072.3,3063.07,1.25e-05,0.0012,y,True,False,,
2025-11-16 21:43:42.114985,hold,0.283334485,hyperliquid,lighter,3062.0,3066.75,1.25e-05,0.0012,y,True,False,,
2025-11-16 21:44:42.115236,hold,0.30000122138888885,hyperliquid,lighter,3065.7,3076.17,1.25e-05,0.0012,y,True,False,,
2025-11-16 21:45:42.115482,hold,0.3166679563888889,hyperliquid,lighter,3075.9,3069.99,1.25e-05,0.0012,y,True,False,,
2025-11-16 21:46:42.115771,hold,0.33333470333333337,hyperliquid,lighter,3068.8,3070.99,1.25e-05,0.0012,y,True,False,,
2025-11-16 21:47:42.116019,hold,0.3500014388888889,hyperliquid,lighter,3070.2,3074.85,1.25e-05,0.0012,y,True,False,,
2025-11-16 21:48:42.116205,hold,0.36666815722222224,hyperliquid,lighter,3074.4,3071.42,1.25e-05,0.0012,y,True,False,,
2025-11-16 21:49:42.116439,hold,0.3833348888888889,hyperliquid,lighter,3071.1,3074.55,1.25e-05,0.0012,y,True,False,,
2025-11-16 21:50:42.116694,hold,0.4000016263888889,hyperliquid,lighter,3074.1,3075.1,1.25e-05,0.0012,y,True,False,,
2025-11-16 21:51:42.116966,hold,0.4166683686111111,hyperliquid,lighter,3074.6,3073.11,1.25e-05,0.0012,y,True,False,,
2025-11-16 21:52:42.117189,hold,0.43333509722222224,hyperliquid,lighter,3072.2,3073.52,1.25e-05,0.0012,y,True,False,,
2025-11-16 21:53:42.117408,hold,0.4500018247222222,hyperliquid,lighter,3073.2,3071.6,1.25e-05,0.0012,y,True,False,,
2025-11-16 21:54:42.117643,hold,0.4666685566666667,hyperliquid,lighter,3070.1,3073.5,1.25e-05,0.0012,y,True,False,,
2025-11-16 21:55:42.117945,hold,0.48333530722222223,hyperliquid,lighter,3073.0,3072.75,1.25e-05,0.0012,y,True,False,,
2025-11-16 21:56:42.118183,hold,0.50000204,hyperliquid,lighter,3072.3,3072.03,1.25e-05,0.0012,y,True,False,,
2025-11-16 21:57:42.118365,hold,0.5166687572222223,hyperliquid,lighter,3071.3,3076.88,1.25e-05,0.0012,y,True,False,,
2025-11-16 21:58:42.118633,hold,0.5333354983333334,hyperliquid,lighter,3076.3,3075.16,1.25e-05,0.0012,y,True,False,,
2025-11-16 21:59:42.118937,hold,0.5500022494444444,hyperliquid,lighter,3074.2,3073.19,1.25e-05,0.0012,y,True,False,,
2025-11-16 22:00:42.119200,hold,0.5666689891666666,hyperliquid,lighter,3073.3,3060.5,1.25e-05,0.0012,y,True,False,,
2025-11-16 22:01:42.119491,hold,0.5833357366666667,hyperliquid,lighter,3059.3,3061.45,1.25e-05,0.0012,y,True,False,,
2025-11-16 22:02:42.119724,hold,0.6000024680555556,hyperliquid,lighter,3060.5,3056.7,1.25e-05,0.0012,y,True,False,,
2025-11-16 22:03:42.119974,hold,0.6166692041666666,hyperliquid,lighter,3056.4,3054.62,1.25e-05,0.0012,y,True,False,,
2025-11-16 22:04:42.120158,hold,0.6333359219444444,hyperliquid,lighter,3055.0,3057.7,1.25e-05,0.0012,y,True,False,,
2025-11-16 22:05:42.120399,hold,0.6500026555555556,hyperliquid,lighter,3057.1,3060.2,1.25e-05,0.0012,y,True,False,,
2025-11-16 22:06:42.120646,hold,0.6666693908333333,hyperliquid,lighter,3059.6,3057.2,1.25e-05,0.0012,y,True,False,,
2025-11-16 22:07:42.120944,hold,0.6833361402777778,hyperliquid,lighter,3057.0,3052.65,1.25e-05,0.0012,y,True,False,,
2025-11-16 22:08:42.121113,hold,0.7000028538888889,hyperliquid,lighter,3052.0,3047.95,1.25e-05,0.0012,y,True,False,,
2025-11-16 22:09:42.121294,hold,0.7166695708333334,hyperliquid,lighter,3047.0,3046.38,1.25e-05,0.0012,y,True,False,,
2025-11-16 22:10:42.121577,hold,0.733336316111111,hyperliquid,lighter,3045.6,3057.02,1.25e-05,0.0012,y,True,False,,
2025-11-16 22:11:42.121825,hold,0.7500030516666666,hyperliquid,lighter,3056.1,3059.29,1.25e-05,0.0012,y,True,False,,
2025-11-16 22:12:42.122078,hold,0.7666697886111111,hyperliquid,lighter,3059.1,3066.2,1.25e-05,0.0012,y,True,False,,
2025-11-16 22:13:42.122343,hold,0.7833365288888889,hyperliquid,lighter,3065.6,3073.22,1.25e-05,0.0012,y,True,False,,
2025-11-16 22:14:42.122588,hold,0.8000032636111111,hyperliquid,lighter,3072.1,3072.21,1.25e-05,0.0012,y,True,False,,
2025-11-16 22:15:42.122841,hold,0.8166700005555555,hyperliquid,lighter,3071.5,3070.59,1.25e-05,0.0012,y,True,False,,
2025-11-16 22:16:42.123084,hold,0.8333367347222221,hyperliquid,lighter,3069.4,3069.21,1.25e-05,0.0012,y,True,False,,
2025-11-16 22:17:42.123346,hold,0.8500034741666667,hyperliquid,lighter,3068.7,3077.62,1.25e-05,0.0012,y,True,False,,
2025-11-16 22:18:42.123597,hold,0.8666702105555555,hyperliquid,lighter,3074.5,3078.36,1.25e-05,0.0012,y,True,False,,
2025-11-16 22:19:42.123844,hold,0.8833369458333333,hyperliquid,lighter,3078.1,3080.39,1.25e-05,0.0012,y,True,False,,
2025-11-16 22:20:42.124092,hold,0.9000036813888889,hyperliquid,lighter,3079.5,3076.01,1.25e-05,0.0012,y,True,False,,
2025-11-16 22:21:42.124337,hold,0.9166704161111111,hyperliquid,lighter,3075.4,3074.31,1.25e-05,0.0012,y,True,False,,
2025-11-16 22:22:42.124607,hold,0.9333371577777777,hyperliquid,lighter,3073.4,3073.6,1.25e-05,0.0012,y,True,False,,
2025-11-16 22:23:42.124850,hold,0.9500038919444445,hyperliquid,lighter,3072.6,3074.25,1.25e-05,0.0012,y,True,False,,
2025-11-16 22:24:42.125109,hold,0.9666706305555556,hyperliquid,lighter,3073.0,3075.84,1.25e-05,0.0012,y,True,False,,
2025-11-16 22:25:42.125379,hold,0.9833373722222223,hyperliquid,lighter,3074.3,3075.14,1.25e-05,0.0012,y,True,False,,
2025-11-16 22:26:42.125614,hold,1.0000041041666667,hyperliquid,lighter,3073.7,3079.91,1.25e-05,0.0012,y,True,False,,
2025-11-16 22:27:42.125854,hold,1.0166708375,hyperliquid,lighter,3078.6,3081.12,1.25e-05,0.0012,y,True,False,,
2025-11-16 22:28:42.126028,hold,1.0333375525000001,hyperliquid,lighter,3080.5,3080.54,1.25e-05,0.0012,y,True,False,,
2025-11-16 22:29:42.126281,hold,1.0500042894444443,hyperliquid,lighter,3079.0,3078.78,1.25e-05,0.0012,y,True,False,,
2025-11-16 22:30:42.126529,hold,1.066671025,hyperliquid,lighter,3077.4,3077.72,1.25e-05,0.0012,y,True,False,,
2025-11-16 22:31:42.126758,hold,1.0833377552777779,hyperliquid,lighter,3076.6,3082.71,1.25e-05,0.0012,y,True,False,,
2025-11-16 22:32:42.127009,hold,1.1000044916666667,hyperliquid,lighter,3081.4,3081.03,1.25e-05,0.0012,y,True,False,,
2025-11-16 22:33:42.127257,hold,1.1166712272222223,hyperliquid,lighter,3080.2,3081.72,1.25e-05,0.0012,y,True,False,,
2025-11-16 22:34:42.127481,hold,1.1333379561111112,hyperliquid,lighter,3080.4,3083.89,1.25e-05,0.0012,y,True,False,,
2025-11-16 22:35:42.127668,hold,1.1500046747222223,hyperliquid,lighter,3082.4,3080.65,1.25e-05,0.0012,y,True,False,,
2025-11-16 22:36:42.127933,hold,1.166671415,hyperliquid,lighter,3080.0,3081.02,1.25e-05,0.0012,y,True,False,,
2025-11-16 22:37:42.128176,hold,1.1833381491666668,hyperliquid,lighter,3078.8,3082.74,1.25e-05,0.0012,y,True,False,,
2025-11-16 22:38:42.128448,hold,1.200004891388889,hyperliquid,lighter,3081.1,3081.85,1.25e-05,0.0012,y,True,False,,
2025-11-16 22:39:42.128698,hold,1.2166716274999998,hyperliquid,lighter,3080.8,3077.61,1.25e-05,0.0012,y,True,False,,
2025-11-16 22:40:42.128961,hold,1.2333383672222222,hyperliquid,lighter,3076.5,3074.1,1.25e-05,0.0012,y,True,False,,
2025-11-16 22:41:42.129190,hold,1.2500050974999999,hyperliquid,lighter,3072.8,3074.35,1.25e-05,0.0012,y,True,False,,
2025-11-16 22:42:42.129445,hold,1.266671835,hyperliquid,lighter,3073.0,3074.21,1.25e-05,0.0012,y,True,False,,
2025-11-16 22:43:42.129674,hold,1.2833385652777778,hyperliquid,lighter,3072.8,3068.28,1.25e-05,0.0012,y,True,False,,
2025-11-16 22:44:42.129941,hold,1.3000053061111112,hyperliquid,lighter,3066.9,3071.7,1.25e-05,0.0012,y,True,False,,
2025-11-16 22:45:42.130228,hold,1.3166720525,hyperliquid,lighter,3070.0,3072.04,1.25e-05,0.0012,y,True,False,,
2025-11-16 22:46:42.130465,hold,1.333338785,hyperliquid,lighter,3071.0,3078.72,1.25e-05,0.0012,y,True,False,,
2025-11-16 22:47:42.130697,hold,1.350005516111111,hyperliquid,lighter,3077.3,3083.37,1.25e-05,0.0012,y,True,False,,
2025-11-16 22:48:42.130948,hold,1.3666722525,hyperliquid,lighter,3082.0,3096.56,1.25e-05,0.0012,y,True,False,,
2025-11-16 22:49:42.131188,hold,1.3833389858333334,hyperliquid,lighter,3094.2,3091.6,1.25e-05,0.0012,y,True,False,,
2025-11-16 22:50:42.131440,hold,1.4000057225,hyperliquid,lighter,3090.2,3090.4,1.25e-05,0.0012,y,True,False,,
2025-11-16 22:51:42.131690,hold,1.4166724586111112,hyperliquid,lighter,3089.7,3095.42,1.25e-05,0.0012,y,True,False,,
2025-11-16 22:52:42.131948,hold,1.4333391969444444,hyperliquid,lighter,3093.9,3101.7,1.25e-05,0.0012,y,True,False,,
2025-11-16 22:53:42.132185,hold,1.4500059294444445,hyperliquid,lighter,3099.6,3097.99,1.25e-05,0.0014,y,True,False,,
2025-11-16 22:54:42.132422,hold,1.4666726619444443,hyperliquid,lighter,3096.2,3099.57,1.25e-05,0.0014,y,True,False,,
2025-11-16 22:55:42.132710,hold,1.4833394086111111,hyperliquid,lighter,3097.8,3098.57,1.25e-05,0.0014,y,True,False,,
2025-11-16 22:56:42.132970,hold,1.5000061475,hyperliquid,lighter,3097.2,3094.42,1.25e-05,0.0014,y,True,False,,
2025-11-16 22:57:42.133150,hold,1.5166728641666667,hyperliquid,lighter,3093.2,3093.72,1.25e-05,0.0014,y,True,False,,
2025-11-16 22:58:42.133338,hold,1.5333395830555554,hyperliquid,lighter,3092.1,3094.63,1.25e-05,0.0014,y,True,False,,
2025-11-16 22:59:42.133587,hold,1.550006318888889,hyperliquid,lighter,3093.0,3082.48,1.25e-05,0.0014,y,True,False,,
2025-11-16 23:00:42.133841,hold,1.566673056111111,hyperliquid,lighter,3081.7,3063.4,1.25e-05,0.0014,y,True,False,,
2025-11-16 23:01:42.134050,hold,1.5833397808333332,hyperliquid,lighter,3062.3,3019.25,1.25e-05,0.0014,y,True,False,,
2025-11-16 23:02:42.134296,hold,1.6000065158333334,hyperliquid,lighter,3019.5,3027.2,1.25e-05,0.0014,y,True,False,,
2025-11-16 23:03:42.134560,hold,1.6166732558333332,hyperliquid,lighter,3026.0,3020.67,1.25e-05,0.0014,y,True,False,,
2025-11-16 23:04:42.134814,hold,1.6333399930555557,hyperliquid,lighter,3019.9,3026.75,1.25e-05,0.0014,y,True,False,,
2025-11-16 23:05:42.135078,hold,1.6500067330555557,hyperliquid,lighter,3025.2,3032.9,1.25e-05,0.0014,y,True,False,,
2025-11-16 23:06:42.135337,hold,1.6666734716666667,hyperliquid,lighter,3032.1,3048.51,1.25e-05,0.0014,y,True,False,,
2025-11-16 23:07:42.135580,hold,1.6833402058333333,hyperliquid,lighter,3047.9,3042.38,1.25e-05,0.0014,y,True,False,,
2025-11-16 23:08:42.135815,hold,1.7000069377777778,hyperliquid,lighter,3043.0,3051.06,1.25e-05,0.0014,y,True,False,,
2025-11-16 23:09:42.136066,hold,1.7166736741666666,hyperliquid,lighter,3050.1,3055.61,1.25e-05,0.0014,y,True,False,,
2025-11-16 23:10:42.136305,hold,1.7333404072222223,hyperliquid,lighter,3054.8,3058.5,1.25e-05,0.0014,y,True,False,,
2025-11-16 23:11:42.136484,hold,1.750007123611111,hyperliquid,lighter,3058.5,3066.99,1.25e-05,0.0014,y,True,False,,
2025-11-16 23:12:42.136753,hold,1.766673865,hyperliquid,lighter,3067.9,3066.05,1.25e-05,0.0014,y,True,False,,
2025-11-16 23:13:42.137026,hold,1.7833406075,hyperliquid,lighter,3066.1,3067.56,1.25e-05,0.0014,y,True,False,,
2025-11-16 23:14:42.137257,hold,1.8000073383333335,hyperliquid,lighter,3064.4,3070.47,1.25e-05,0.0014,y,True,False,,
2025-11-16 23:15:42.137505,hold,1.816674073888889,hyperliquid,lighter,3070.6,3071.79,1.25e-05,0.0014,y,True,False,,
2025-11-16 23:16:42.137741,hold,1.833340806111111,hyperliquid,lighter,3071.3,3077.74,1.25e-05,0.0014,y,True,False,,
2025-11-16 23:17:42.137990,hold,1.8500075419444446,hyperliquid,lighter,3075.9,3066.8,1.25e-05,0.0014,y,True,False,,
2025-11-16 23:18:42.138206,hold,1.866674268611111,hyperliquid,lighter,3066.0,3071.68,1.25e-05,0.0014,y,True,False,,
2025-11-16 23:19:42.138448,hold,1.8833410025,hyperliquid,lighter,3070.1,3074.96,1.25e-05,0.0014,y,True,False,,
2025-11-16 23:20:42.138704,hold,1.9000077402777777,hyperliquid,lighter,3074.4,3073.94,1.25e-05,0.0014,y,True,False,,
2025-11-16 23:21:42.138944,hold,1.9166744736111112,hyperliquid,lighter,3073.2,3078.28,1.25e-05,0.0014,y,True,False,,
2025-11-16 23:22:42.139177,hold,1.933341205,hyperliquid,lighter,3078.0,3081.58,1.25e-05,0.0014,y,True,False,,
2025-11-16 23:23:42.139422,hold,1.9500079397222223,hyperliquid,lighter,3080.6,3102.72,1.25e-05,0.0014,y,True,False,,
2025-11-16 23:24:42.139594,hold,1.9666746541666666,hyperliquid,lighter,3102.8,3096.04,1.25e-05,0.0014,y,True,False,,
2025-11-16 23:25:42.139833,hold,1.9833413872222223,hyperliquid,lighter,3095.5,3091.63,1.25e-05,0.0014,y,True,False,,
2025-11-16 23:26:42.140082,hold,2.0000081230555558,hyperliquid,lighter,3092.1,3096.53,1.25e-05,0.0014,y,True,False,,
2025-11-16 23:27:42.140271,hold,2.0166748422222223,hyperliquid,lighter,3096.1,3094.05,1.25e-05,0.0014,y,True,False,,
2025-11-16 23:28:42.140509,hold,2.033341575,hyperliquid,lighter,3093.0,3093.21,1.25e-05,0.0014,y,True,False,,
2025-11-16 23:29:42.140749,hold,2.0500083083333336,hyperliquid,lighter,3092.6,3098.09,1.25e-05,0.0014,y,True,False,,
2025-11-16 23:30:42.141033,hold,2.066675053888889,hyperliquid,lighter,3096.5,3091.97,1.25e-05,0.0014,y,True,False,,
2025-11-16 23:31:42.141261,hold,2.083341783888889,hyperliquid,lighter,3091.7,3093.48,1.25e-05,0.0014,y,True,False,,
2025-11-16 23:32:42.141488,hold,2.1000085136111113,hyperliquid,lighter,3092.7,3094.52,1.25e-05,0.0014,y,True,False,,
2025-11-16 23:33:42.141738,hold,2.1166752497222223,hyperliquid,lighter,3093.7,3091.05,1.25e-05,0.0014,y,True,False,,
2025-11-16 23:34:42.142000,hold,2.1333419891666665,hyperliquid,lighter,3090.6,3097.79,1.25e-05,0.0014,y,True,False,,
2025-11-16 23:35:42.142244,hold,2.150008723611111,hyperliquid,lighter,3096.6,3101.68,1.25e-05,0.0014,y,True,False,,
2025-11-16 23:36:42.142502,hold,2.166675461944444,hyperliquid,lighter,3100.6,3100.02,1.25e-05,0.0014,y,True,False,,
2025-11-16 23:37:42.142738,hold,2.1833421941666664,hyperliquid,lighter,3099.5,3100.66,1.25e-05,0.0014,y,True,False,,
2025-11-16 23:38:42.142975,hold,2.2000089266666665,hyperliquid,lighter,3100.4,3100.96,1.25e-05,0.0014,y,True,False,,
2025-11-16 23:39:42.143213,hold,2.2166756594444443,hyperliquid,lighter,3100.4,3102.66,1.25e-05,0.0014,y,True,False,,
2025-11-16 23:40:42.143467,hold,2.2333423966666666,hyperliquid,lighter,3101.9,3101.76,1.25e-05,0.0014,y,True,False,,
2025-11-16 23:41:42.143699,hold,2.250009127777778,hyperliquid,lighter,3101.0,3102.17,1.25e-05,0.0014,y,True,False,,
2025-11-16 23:42:42.143951,hold,2.2666758644444442,hyperliquid,lighter,3102.1,3103.93,1.25e-05,0.0014,y,True,False,,
2025-11-16 23:43:42.144182,hold,2.2833425952777775,hyperliquid,lighter,3103.9,3101.62,1.25e-05,0.0014,y,True,False,,
2025-11-16 23:44:42.144439,hold,2.3000093333333336,hyperliquid,lighter,3101.8,3101.65,1.25e-05,0.0014,y,True,False,,
2025-11-16 23:45:42.144670,hold,2.316676064166667,hyperliquid,lighter,3100.9,3100.11,1.25e-05,0.0014,y,True,False,,
2025-11-16 23:46:42.144969,hold,2.3333428138888888,hyperliquid,lighter,3099.8,3100.91,1.25e-05,0.0014,y,True,False,,
2025-11-16 23:47:42.145221,hold,2.3500095505555554,hyperliquid,lighter,3100.7,3100.16,1.25e-05,0.0014,y,True,False,,
2025-11-16 23:48:42.145465,hold,2.366676285,hyperliquid,lighter,3100.8,3099.52,1.25e-05,0.0014,y,True,False,,
2025-11-16 23:49:42.145700,hold,2.3833430169444445,hyperliquid,lighter,3099.4,3105.48,1.25e-05,0.0014,y,True,False,,
2025-11-16 23:50:42.145946,hold,2.4000097519444443,hyperliquid,lighter,3105.3,3106.95,1.25e-05,0.0014,y,True,False,,
2025-11-16 23:51:42.146215,hold,2.416676493333333,hyperliquid,lighter,3106.7,3104.97,1.25e-05,0.0014,y,True,False,,
2025-11-16 23:52:42.146404,hold,2.4333432125,hyperliquid,lighter,3104.7,3106.41,1.25e-05,0.0014,y,True,False,,
2025-11-16 23:53:42.146667,hold,2.450009952222222,hyperliquid,lighter,3106.1,3107.73,1.25e-05,0.0012,y,True,False,,
2025-11-16 23:54:42.146925,hold,2.4666766905555555,hyperliquid,lighter,3107.4,3097.66,1.25e-05,0.0012,y,True,False,,
2025-11-16 23:55:42.147254,hold,2.4833434486111114,hyperliquid,lighter,3098.0,3097.98,1.25e-05,0.0012,y,True,False,,
2025-11-16 23:56:42.147448,hold,2.500010169166667,hyperliquid,lighter,3098.4,3098.06,1.25e-05,0.0012,y,True,False,,
2025-11-16 23:57:42.147681,hold,2.5166769005555554,hyperliquid,lighter,3097.7,3096.42,1.25e-05,0.0012,y,True,False,,
2025-11-16 23:58:42.147952,hold,2.5333436425,hyperliquid,lighter,3096.0,3096.53,1.25e-05,0.0012,y,True,False,,
2025-11-16 23:59:42.148196,hold,2.5500103769444444,hyperliquid,lighter,3096.9,3094.91,1.25e-05,0.0012,y,True,False,,
2025-11-17 00:00:42.148432,hold,2.5666771091666662,hyperliquid,lighter,3094.1,3096.62,1.25e-05,0.0012,y,True,False,,
2025-11-17 00:01:42.148691,hold,2.5833438477777775,hyperliquid,lighter,3096.2,3096.55,1.25e-05,0.0012,y,True,False,,
2025-11-17 00:02:42.148963,hold,2.60001059,hyperliquid,lighter,3096.6,3095.42,1.25e-05,0.0012,y,True,False,,
2025-11-17 00:03:42.149197,hold,2.6166773216666668,hyperliquid,lighter,3095.0,3094.42,1.25e-05,0.0012,y,True,False,,
2025-11-17 00:04:42.149412,hold,2.6333440480555557,hyperliquid,lighter,3094.1,3094.64,1.25e-05,0.0012,y,True,False,,
2025-11-17 00:05:42.149555,hold,2.6500107544444442,hyperliquid,lighter,3093.7,3099.2,1.25e-05,0.0012,y,True,False,,
2025-11-17 00:06:42.149794,hold,2.6666774875,hyperliquid,lighter,3098.5,3094.91,1.25e-05,0.0012,y,True,False,,
2025-11-17 00:07:42.150022,hold,2.6833442175,hyperliquid,lighter,3093.8,3097.84,1.25e-05,0.0012,y,True,False,,
2025-11-17 00:08:42.150258,hold,2.7000109497222224,hyperliquid,lighter,3097.0,3099.91,1.25e-05,0.0012,y,True,False,,
2025-11-17 00:09:42.150525,hold,2.7166776905555556,hyperliquid,lighter,3099.3,3094.25,1.25e-05,0.0012,y,True,False,,
2025-11-17 00:10:42.150775,hold,2.7333444266666667,hyperliquid,lighter,3093.1,3103.18,1.25e-05,0.0012,y,True,False,,
2025-11-17 00:11:42.151039,hold,2.7500111666666665,hyperliquid,lighter,3103.2,3100.56,1.25e-05,0.0012,y,True,False,,
2025-11-17 00:12:42.151277,hold,2.7666778994444443,hyperliquid,lighter,3101.0,3095.47,1.25e-05,0.0012,y,True,False,,
2025-11-17 00:13:42.151531,hold,2.783344636666667,hyperliquid,lighter,3095.0,3096.75,1.25e-05,0.0012,y,True,False,,
2025-11-17 00:14:42.151777,hold,2.800011371666667,hyperliquid,lighter,3096.3,3092.41,1.25e-05,0.0012,y,True,False,,
2025-11-17 00:15:42.152011,hold,2.816678103333333,hyperliquid,lighter,3091.8,3084.59,1.25e-05,0.0012,y,True,False,,
2025-11-17 00:16:42.152250,hold,2.833344836388889,hyperliquid,lighter,3083.6,3084.1,1.25e-05,0.0012,y,True,False,,
2025-11-17 00:17:42.152519,hold,2.850011577777778,hyperliquid,lighter,3085.4,3080.73,1.25e-05,0.0012,y,True,False,,
2025-11-17 00:18:42.152758,hold,2.866678310833333,hyperliquid,lighter,3080.4,3076.2,1.25e-05,0.0012,y,True,False,,
2025-11-17 00:19:42.153017,hold,2.8833450494444444,hyperliquid,lighter,3075.3,3079.43,1.25e-05,0.0012,y,True,False,,
2025-11-17 00:20:42.153269,hold,2.900011786111111,hyperliquid,lighter,3078.7,3073.9,1.25e-05,0.0012,y,True,False,,
2025-11-17 00:21:42.153504,hold,2.916678518055556,hyperliquid,lighter,3073.5,3073.12,1.25e-05,0.0012,y,True,False,,
2025-11-17 00:22:42.153741,hold,2.9333452505555555,hyperliquid,lighter,3071.9,3074.8,1.25e-05,0.0012,y,True,False,,
2025-11-17 00:23:42.153985,hold,2.950011985,hyperliquid,lighter,3073.3,3086.73,1.25e-05,0.0012,y,True,False,,
2025-11-17 00:24:42.154157,hold,2.9666786994444445,hyperliquid,lighter,3085.8,3092.03,1.25e-05,0.0012,y,True,False,,
2025-11-17 00:25:42.154385,hold,2.983345429444445,hyperliquid,lighter,3091.5,3107.39,1.25e-05,0.0012,y,True,False,,
2025-11-17 00:26:42.154640,hold,3.0000121669444444,hyperliquid,lighter,3107.0,3113.4,1.25e-05,0.0012,y,True,False,,
2025-11-17 00:27:42.154923,hold,3.016678912222222,hyperliquid,lighter,3112.1,3121.92,1.25e-05,0.0012,y,True,False,,
2025-11-17 00:28:42.155192,hold,3.0333456536111107,hyperliquid,lighter,3121.4,3123.33,1.25e-05,0.0012,y,True,False,,
2025-11-17 00:29:42.155444,hold,3.0500123902777774,hyperliquid,lighter,3122.6,3123.72,1.25e-05,0.0012,y,True,False,,
2025-11-17 00:30:42.155718,hold,3.066679133055555,hyperliquid,lighter,3123.6,3121.9,1.25e-05,0.0012,y,True,False,,
2025-11-17 00:31:42.155984,hold,3.083345873611111,hyperliquid,lighter,3121.2,3121.63,1.25e-05,0.0012,y,True,False,,
2025-11-17 00:32:42.156227,hold,3.100012607777778,hyperliquid,lighter,3121.0,3120.93,1.25e-05,0.0012,y,True,False,,
2025-11-17 00:33:42.156517,hold,3.116679355,hyperliquid,lighter,3118.4,3123.56,1.25e-05,0.0012,y,True,False,,
2025-11-17 00:34:42.156757,hold,3.133346088333333,hyperliquid,lighter,3122.8,3127.9,1.25e-05,0.0012,y,True,False,,
2025-11-17 00:35:42.157009,hold,3.1500128249999997,hyperliquid,lighter,3127.4,3129.64,1.25e-05,0.0012,y,True,False,,
2025-11-17 00:36:42.157267,hold,3.166679563333333,hyperliquid,lighter,3127.7,3124.93,1.25e-05,0.0012,y,True,False,,
2025-11-17 00:37:42.157526,hold,3.1833463019444443,hyperliquid,lighter,3123.7,3135.17,1.25e-05,0.0012,y,True,False,,
2025-11-17 00:38:42.157772,hold,3.200013036944444,hyperliquid,lighter,3133.7,3139.37,1.25e-05,0.0012,y,True,False,,
2025-11-17 00:39:42.158041,hold,3.2166797783333334,hyperliquid,lighter,3138.4,3138.91,1.25e-05,0.0012,y,True,False,,
2025-11-17 00:40:42.158278,hold,3.2333465108333335,hyperliquid,lighter,3137.8,3130.53,1.25e-05,0.0012,y,True,False,,
2025-11-17 00:41:42.158516,hold,3.2500132436111113,hyperliquid,lighter,3130.2,3134.06,1.25e-05,0.0012,y,True,False,,
2025-11-17 00:42:42.158763,hold,3.266679978888889,hyperliquid,lighter,3132.9,3131.04,1.25e-05,0.0012,y,True,False,,
2025-11-17 00:43:42.159003,hold,3.283346712222222,hyperliquid,lighter,3129.4,3128.09,1.25e-05,0.0012,y,True,False,,
2025-11-17 00:44:42.159238,hold,3.3000134441666664,hyperliquid,lighter,3126.6,3120.22,1.25e-05,0.0012,y,True,False,,
2025-11-17 00:45:42.159475,hold,3.3166801766666665,hyperliquid,lighter,3119.0,3125.57,1.25e-05,0.0012,y,True,False,,
2025-11-17 00:46:42.159711,hold,3.3333469088888887,hyperliquid,lighter,3124.8,3124.76,1.25e-05,0.0012,y,True,False,,
2025-11-17 00:47:42.159968,hold,3.350013646944445,hyperliquid,lighter,3124.2,3129.87,1.25e-05,0.0012,y,True,False,,
2025-11-17 00:48:42.160228,hold,3.3666803858333334,hyperliquid,lighter,3129.8,3129.51,1.25e-05,0.0012,y,True,False,,
2025-11-17 00:49:42.160470,hold,3.383347119722222,hyperliquid,lighter,3129.1,3134.65,1.25e-05,0.0012,y,True,False,,
2025-11-17 00:50:42.160722,hold,3.4000138563888886,hyperliquid,lighter,3133.5,3133.81,1.25e-05,0.0012,y,True,False,,
2025-11-17 00:51:42.160981,hold,3.416680595,hyperliquid,lighter,3132.7,3132.47,1.25e-05,0.0012,y,True,False,,
2025-11-17 00:52:42.161160,hold,3.4333473113888893,hyperliquid,lighter,3132.6,3135.86,1.25e-05,0.0012,y,True,False,,
2025-11-17 00:53:42.161401,hold,3.450014045,hyperliquid,lighter,3136.0,3133.72,1.25e-05,0.0012,y,True,False,,
2025-11-17 00:54:42.161680,hold,3.466680789166667,hyperliquid,lighter,3133.7,3134.59,1.25e-05,0.0012,y,True,False,,
2025-11-17 00:55:42.161936,hold,3.4833475269444443,hyperliquid,lighter,3134.0,3135.43,1.25e-05,0.0012,y,True,False,,
2025-11-17 00:56:42.162174,hold,3.500014259722222,hyperliquid,lighter,3135.1,3139.84,1.25e-05,0.0012,y,True,False,,
2025-11-17 00:57:42.162423,hold,3.516680995555556,hyperliquid,lighter,3139.7,3139.52,1.25e-05,0.0012,y,True,False,,
2025-11-17 00:58:42.162661,hold,3.533347728333333,hyperliquid,lighter,3139.4,3137.93,1.25e-05,0.0012,y,True,False,,
2025-11-17 00:59:42.162937,hold,3.5500144716666666,hyperliquid,lighter,3137.8,3138.14,1.25e-05,0.0012,y,True,False,,
2025-11-17 01:00:42.163179,hold,3.5666812055555557,hyperliquid,lighter,3138.1,3138.28,1.25e-05,0.0012,y,True,False,,
2025-11-17 01:01:42.163417,hold,3.5833479383333335,hyperliquid,lighter,3137.5,3140.05,1.25e-05,0.0012,y,True,False,,
2025-11-17 01:02:42.163588,hold,3.6000146525,hyperliquid,lighter,3140.0,3134.12,1.25e-05,0.0012,y,True,False,,
2025-11-17 01:03:42.163903,hold,3.6166814066666664,hyperliquid,lighter,3133.8,3134.15,1.25e-05,0.0012,y,True,False,,
2025-11-17 01:04:42.164123,hold,3.6333481344444443,hyperliquid,lighter,3133.4,3130.22,1.25e-05,0.0012,y,True,False,,
2025-11-17 01:05:42.164451,hold,3.650014892222222,hyperliquid,lighter,3129.4,3129.12,1.25e-05,0.0012,y,True,False,,
2025-11-17 01:06:42.164664,hold,3.6666816180555557,hyperliquid,lighter,3128.8,3131.52,1.25e-05,0.0012,y,True,False,,
2025-11-17 01:07:42.164950,hold,3.6833483641666667,hyperliquid,lighter,3130.9,3133.63,1.25e-05,0.0012,y,True,False,,
2025-11-17 01:08:42.165217,hold,3.7000151050000003,hyperliquid,lighter,3133.9,3132.98,1.25e-05,0.0012,y,True,False,,
2025-11-17 01:09:42.165458,hold,3.716681838611111,hyperliquid,lighter,3132.5,3133.96,1.25e-05,0.0012,y,True,False,,
2025-11-17 01:10:42.165698,hold,3.7333485719444446,hyperliquid,lighter,3132.9,3130.86,1.25e-05,0.0012,y,True,False,,
2025-11-17 01:11:42.165955,hold,3.7500153099999998,hyperliquid,lighter,3130.8,3133.49,1.25e-05,0.0012,y,True,False,,
2025-11-17 01:12:42.166193,hold,3.7666820427777776,hyperliquid,lighter,3133.1,3132.37,1.25e-05,0.0012,y,True,False,,
2025-11-17 01:13:42.166430,hold,3.7833487752777777,hyperliquid,lighter,3132.1,3129.42,1.25e-05,0.0012,y,True,False,,
2025-11-17 01:14:42.166659,hold,3.8000155055555553,hyperliquid,lighter,3129.0,3125.92,1.25e-05,0.0012,y,True,False,,
2025-11-17 01:15:42.166977,hold,3.8166822605555555,hyperliquid,lighter,3125.5,3126.43,1.25e-05,0.0012,y,True,False,,
2025-11-17 01:16:42.167215,hold,3.8333489933333333,hyperliquid,lighter,3126.6,3126.47,1.25e-05,0.0012,y,True,False,,
2025-11-17 01:17:42.167463,hold,3.850015728888889,hyperliquid,lighter,3126.1,3125.62,1.25e-05,0.0012,y,True,False,,
2025-11-17 01:18:42.167712,hold,3.866682464722222,hyperliquid,lighter,3125.3,3125.75,1.25e-05,0.0012,y,True,False,,
2025-11-17 01:19:42.167971,hold,3.883349203333333,hyperliquid,lighter,3125.0,3123.65,1.25e-05,0.0012,y,True,False,,
2025-11-17 01:20:42.168220,hold,3.900015939166667,hyperliquid,lighter,3122.7,3127.25,1.25e-05,0.0012,y,True,False,,
2025-11-17 01:21:42.168496,hold,3.9166826825,hyperliquid,lighter,3126.6,3131.96,1.25e-05,0.0012,y,True,False,,
2025-11-17 01:22:42.168670,hold,3.9333493975000002,hyperliquid,lighter,3130.4,3127.17,1.25e-05,0.0012,y,True,False,,
2025-11-17 01:23:42.168923,hold,3.9500161344444447,hyperliquid,lighter,3126.2,3125.88,1.25e-05,0.0012,y,True,False,,
2025-11-17 01:24:42.169172,hold,3.966682870277778,hyperliquid,lighter,3124.8,3127.92,1.25e-05,0.0012,y,True,False,,
2025-11-17 01:25:42.169394,hold,3.983349598611111,hyperliquid,lighter,3127.9,3127.93,1.25e-05,0.0012,y,True,False,,
2025-11-17 01:26:42.169648,hold,4.000016335833333,hyperliquid,lighter,3127.6,3146.69,1.25e-05,0.0012,y,True,False,,
2025-11-17 01:27:42.169858,hold,4.0166830608333335,hyperliquid,lighter,3140.3,3143.75,1.25e-05,0.0012,y,True,False,,
2025-11-17 01:28:42.170092,hold,4.0333497925,hyperliquid,lighter,3143.7,3142.65,1.25e-05,0.0012,y,True,False,,
2025-11-17 01:29:42.170328,hold,4.050016524722222,hyperliquid,lighter,3142.3,3141.17,1.25e-05,0.0012,y,True,False,,
2025-11-17 01:30:42.170602,hold,4.0666832675,hyperliquid,lighter,3140.7,3135.51,1.25e-05,0.0012,y,True,False,,
2025-11-17 01:31:42.170824,hold,4.083349995833333,hyperliquid,lighter,3135.5,3138.47,1.25e-05,0.0012,y,True,False,,
2025-11-17 01:32:42.171058,hold,4.1000167275,hyperliquid,lighter,3138.3,3133.3,1.25e-05,0.0012,y,True,False,,
2025-11-17 01:33:42.171294,hold,4.116683459722222,hyperliquid,lighter,3132.9,3138.09,1.25e-05,0.0012,y,True,False,,
2025-11-17 01:34:42.171545,hold,4.133350196111111,hyperliquid,lighter,3138.1,3139.41,1.25e-05,0.0012,y,True,False,,
2025-11-17 01:35:42.171749,hold,4.150016919444444,hyperliquid,lighter,3139.4,3139.89,1.25e-05,0.0012,y,True,False,,
2025-11-17 01:36:42.172001,hold,4.166683656111111,hyperliquid,lighter,3140.1,3142.57,1.25e-05,0.0012,y,True,False,,
2025-11-17 01:37:42.172242,hold,4.183350389722222,hyperliquid,lighter,3142.0,3138.97,1.25e-05,0.0012,y,True,False,,
2025-11-17 01:38:42.172474,hold,4.2000171208333335,hyperliquid,lighter,3138.9,3136.9,1.25e-05,0.0012,y,True,False,,
2025-11-17 01:39:42.172710,hold,4.216683853055556,hyperliquid,lighter,3136.7,3137.58,1.25e-05,0.0012,y,True,False,,
2025-11-17 01:40:42.172954,hold,4.2333505875,hyperliquid,lighter,3137.1,3135.48,1.25e-05,0.0012,y,True,False,,
2025-11-17 01:41:42.173172,hold,4.250017314722222,hyperliquid,lighter,3134.9,3134.73,1.25e-05,0.0012,y,True,False,,
2025-11-17 01:42:42.173394,hold,4.266684043055555,hyperliquid,lighter,3134.4,3131.7,1.25e-05,0.0012,y,True,False,,
2025-11-17 01:43:42.173634,hold,4.283350776388889,hyperliquid,lighter,3131.1,3131.92,1.25e-05,0.0012,y,True,False,,
2025-11-17 01:44:42.173914,hold,4.300017520833333,hyperliquid,lighter,3131.2,3133.95,1.25e-05,0.0012,y,True,False,,
2025-11-17 01:45:42.174106,hold,4.316684240833333,hyperliquid,lighter,3132.8,3135.68,1.25e-05,0.0012,y,True,False,,
2025-11-17 01:46:42.174341,hold,4.333350972777778,hyperliquid,lighter,3135.1,3130.95,1.25e-05,0.0012,y,True,False,,
2025-11-17 01:47:42.174574,hold,4.3500177041666666,hyperliquid,lighter,3130.2,3131.78,1.25e-05,0.0012,y,True,False,,
2025-11-17 01:48:42.174805,hold,4.366684435,hyperliquid,lighter,3130.3,3126.01,1.25e-05,0.0012,y,True,False,,
2025-11-17 01:49:42.175055,hold,4.383351171111111,hyperliquid,lighter,3125.4,3126.29,1.25e-05,0.0012,y,True,False,,
2025-11-17 01:50:42.175303,hold,4.400017906666666,hyperliquid,lighter,3126.0,3125.22,1.25e-05,0.0012,y,True,False,,
2025-11-17 01:51:42.175476,hold,4.416684621388889,hyperliquid,lighter,3124.6,3122.31,1.25e-05,0.0012,y,True,False,,
2025-11-17 01:52:42.175711,hold,4.433351353333333,hyperliquid,lighter,3121.6,3121.1,1.25e-05,0.0012,y,True,False,,
2025-11-17 01:53:42.175957,hold,4.450018088333334,hyperliquid,lighter,3120.3,3122.05,1.25e-05,0.0012,y,True,False,,
2025-11-17 01:54:42.176272,hold,4.4666848425,hyperliquid,lighter,3121.2,3118.92,1.25e-05,0.0012,y,True,False,,
2025-11-17 01:55:42.176564,hold,4.483351590277778,hyperliquid,lighter,3117.8,3118.48,1.25e-05,0.0012,y,True,False,,
2025-11-17 01:56:42.176819,hold,4.500018327777777,hyperliquid,lighter,3117.9,3118.43,1.25e-05,0.0012,y,True,False,,
2025-11-17 01:57:42.177065,hold,4.516685062777778,hyperliquid,lighter,3117.8,3118.73,1.25e-05,0.0012,y,True,False,,
2025-11-17 01:58:42.177303,hold,4.533351795555555,hyperliquid,lighter,3119.1,3116.11,1.25e-05,0.0012,y,True,False,,
2025-11-17 01:59:42.177550,hold,4.550018530833333,hyperliquid,lighter,3115.9,3119.3,1.25e-05,0.0012,y,True,False,,
2025-11-17 02:00:42.177782,hold,4.5666852619444445,hyperliquid,lighter,3118.6,3115.84,1.25e-05,0.0012,y,True,False,,
2025-11-17 02:01:42.178024,hold,4.5833519958333335,hyperliquid,lighter,3115.8,3116.75,1.25e-05,0.0012,y,True,False,,
2025-11-17 02:02:42.178270,hold,4.600018730833333,hyperliquid,lighter,3115.4,3127.84,1.25e-05,0.0012,y,True,False,,
2025-11-17 02:03:42.178491,hold,4.616685458888889,hyperliquid,lighter,3127.3,3126.61,1.25e-05,0.0012,y,True,False,,
2025-11-17 02:04:42.178720,hold,4.633352189166667,hyperliquid,lighter,3126.1,3130.65,1.25e-05,0.0012,y,True,False,,
2025-11-17 02:05:42.178946,hold,4.650018918611111,hyperliquid,lighter,3130.0,3132.15,1.25e-05,0.0012,y,True,False,,
2025-11-17 02:06:42.179165,hold,4.6666856461111115,hyperliquid,lighter,3131.8,3129.27,1.25e-05,0.0012,y,True,False,,
2025-11-17 02:07:42.179410,hold,4.683352380833333,hyperliquid,lighter,3129.2,3127.32,1.25e-05,0.0012,y,True,False,,
2025-11-17 02:08:42.179663,hold,4.700019117777778,hyperliquid,lighter,3127.2,3126.78,1.25e-05,0.0012,y,True,False,,
2025-11-17 02:09:42.179952,hold,4.716685864722223,hyperliquid,lighter,3127.5,3132.95,1.25e-05,0.0012,y,True,False,,
2025-11-17 02:10:42.180192,hold,4.733352598055555,hyperliquid,lighter,3132.8,3148.52,1.25e-05,0.0012,y,True,False,,
2025-11-17 02:11:42.180448,hold,4.750019335833333,hyperliquid,lighter,3147.6,3147.68,1.25e-05,0.0012,y,True,False,,
2025-11-17 02:12:42.180697,hold,4.766686071666666,hyperliquid,lighter,3147.0,3146.99,1.25e-05,0.0012,y,True,False,,
2025-11-17 02:13:42.180933,hold,4.783352803888889,hyperliquid,lighter,3146.9,3153.39,1.25e-05,0.0012,y,True,False,,
2025-11-17 02:14:42.181153,hold,4.800019531666667,hyperliquid,lighter,3153.6,3154.06,1.25e-05,0.0012,y,True,False,,
2025-11-17 02:15:42.181343,hold,4.816686251111111,hyperliquid,lighter,3155.0,3152.52,1.25e-05,0.0012,y,True,False,,
2025-11-17 02:16:42.181603,hold,4.83335299,hyperliquid,lighter,3152.8,3149.97,1.25e-05,0.0012,y,True,False,,
2025-11-17 02:17:42.181835,hold,4.850019721111111,hyperliquid,lighter,3149.5,3144.22,1.25e-05,0.0012,y,True,False,,
2025-11-17 02:18:42.182056,hold,4.866686449166667,hyperliquid,lighter,3143.9,3145.89,1.25e-05,0.0012,y,True,False,,
2025-11-17 02:19:42.182301,hold,4.883353183888889,hyperliquid,lighter,3145.0,3147.54,1.25e-05,0.0012,y,True,False,,
2025-11-17 02:20:42.182526,hold,4.900019913055555,hyperliquid,lighter,3146.8,3154.13,1.25e-05,0.0012,y,True,False,,
2025-11-17 02:21:42.182746,hold,4.916686640833333,hyperliquid,lighter,3153.5,3152.71,1.25e-05,0.0012,y,True,False,,
2025-11-17 02:22:42.182996,hold,4.933353376944444,hyperliquid,lighter,3152.1,3157.3,1.25e-05,0.0012,y,True,False,,
2025-11-17 02:23:42.183226,hold,4.9500201075,hyperliquid,lighter,3156.8,3157.03,1.25e-05,0.0012,y,True,False,,
2025-11-17 02:24:42.183444,hold,4.966686834722222,hyperliquid,lighter,3155.9,3154.58,1.25e-05,0.0012,y,True,False,,
2025-11-17 02:25:42.183683,hold,4.983353567777777,hyperliquid,lighter,3153.8,3150.41,1.25e-05,0.0012,y,True,False,,
2025-11-17 02:26:42.183943,hold,5.000020306666666,hyperliquid,lighter,3149.5,3151.84,1.25e-05,0.0012,y,True,False,,
2025-11-17 02:27:42.184138,hold,5.0166870275,hyperliquid,lighter,3150.8,3152.9,1.25e-05,0.0012,y,True,False,,
2025-11-17 02:28:42.184370,hold,5.033353758611111,hyperliquid,lighter,3151.5,3153.55,1.25e-05,0.0012,y,True,False,,
2025-11-17 02:29:42.184543,hold,5.050020473333333,hyperliquid,lighter,3152.2,3152.86,1.25e-05,0.0012,y,True,False,,
2025-11-17 02:30:42.184778,hold,5.066687205277778,hyperliquid,lighter,3151.5,3149.11,1.25e-05,0.0012,y,True,False,,
2025-11-17 02:31:42.185021,hold,5.083353939444445,hyperliquid,lighter,3148.1,3152.72,1.25e-05,0.0012,y,True,False,,
2025-11-17 02:32:42.185259,hold,5.1000206722222226,hyperliquid,lighter,3151.1,3149.39,1.25e-05,0.0012,y,True,False,,
2025-11-17 02:33:42.185537,hold,5.1166874161111116,hyperliquid,lighter,3147.7,3149.03,1.25e-05,0.0012,y,True,False,,
2025-11-17 02:34:42.185788,hold,5.133354152500001,hyperliquid,lighter,3148.2,3149.13,1.25e-05,0.0012,y,True,False,,
2025-11-17 02:35:42.186067,hold,5.150020896666667,hyperliquid,lighter,3148.5,3147.48,1.25e-05,0.0012,y,True,False,,
2025-11-17 02:36:42.186310,hold,5.166687630833334,hyperliquid,lighter,3146.8,3147.97,1.25e-05,0.0012,y,True,False,,
2025-11-17 02:37:42.186567,hold,5.183354368888889,hyperliquid,lighter,3146.9,3147.4,1.25e-05,0.0012,y,True,False,,
2025-11-17 02:38:42.186816,hold,5.2000211047222225,hyperliquid,lighter,3146.6,3146.27,1.25e-05,0.0012,y,True,False,,
2025-11-17 02:39:42.187059,hold,5.216687838888888,hyperliquid,lighter,3145.6,3147.75,1.25e-05,0.0012,y,True,False,,
2025-11-17 02:40:42.187292,hold,5.233354570277778,hyperliquid,lighter,3146.8,3145.54,1.25e-05,0.0012,y,True,False,,
2025-11-17 02:41:42.187529,hold,5.250021302777778,hyperliquid,lighter,3144.8,3145.65,1.25e-05,0.0012,y,True,False,,
2025-11-17 02:42:42.187785,hold,5.266688040555556,hyperliquid,lighter,3144.5,3143.69,1.25e-05,0.0012,y,True,False,,
2025-11-17 02:43:42.188042,hold,5.283354778611112,hyperliquid,lighter,3142.7,3145.46,1.25e-05,0.0012,y,True,False,,
2025-11-17 02:44:42.188279,hold,5.300021511111112,hyperliquid,lighter,3144.7,3147.83,1.25e-05,0.0012,y,True,False,,
2025-11-17 02:45:42.188522,hold,5.316688245277778,hyperliquid,lighter,3146.9,3145.53,1.25e-05,0.0012,y,True,False,,
2025-11-17 02:46:42.188775,hold,5.333354982222223,hyperliquid,lighter,3143.7,3145.57,1.25e-05,0.0012,y,True,False,,
2025-11-17 02:47:42.189028,hold,5.350021719166667,hyperliquid,lighter,3144.5,3144.85,1.25e-05,0.0012,y,True,False,,
2025-11-17 02:48:42.189260,hold,5.366688450277778,hyperliquid,lighter,3144.0,3146.3,1.25e-05,0.0012,y,True,False,,
2025-11-17 02:49:42.189511,hold,5.383355186666667,hyperliquid,lighter,3145.8,3146.16,1.25e-05,0.0012,y,True,False,,
2025-11-17 02:50:42.189757,hold,5.400021921666666,hyperliquid,lighter,3145.0,3143.79,1.25e-05,0.0012,y,True,False,,
2025-11-17 02:51:42.190025,hold,5.416688662777777,hyperliquid,lighter,3142.8,3148.12,1.25e-05,0.0012,y,True,False,,
2025-11-17 02:52:42.190302,hold,5.4333554063888885,hyperliquid,lighter,3147.6,3149.24,1.25e-05,0.0012,y,True,False,,
2025-11-17 02:53:42.190533,hold,5.450022137222223,hyperliquid,lighter,3148.9,3147.11,1.25e-05,0.0012,y,True,False,,
2025-11-17 02:54:42.190791,hold,5.466688875555556,hyperliquid,lighter,3145.7,3148.14,1.25e-05,0.0012,y,True,False,,
2025-11-17 02:55:42.191038,hold,5.483355610833334,hyperliquid,lighter,3147.3,3149.19,1.25e-05,0.0012,y,True,False,,
2025-11-17 02:56:42.191302,hold,5.500022350833333,hyperliquid,lighter,3148.4,3149.17,1.25e-05,0.0012,y,True,False,,
2025-11-17 02:57:42.191564,hold,5.516689090277778,hyperliquid,lighter,3148.0,3149.26,1.25e-05,0.0012,y,True,False,,
2025-11-17 02:58:42.191836,hold,5.5333558325,hyperliquid,lighter,3148.3,3151.15,1.25e-05,0.0012,y,True,False,,
2025-11-17 02:59:42.192084,hold,5.550022568055556,hyperliquid,lighter,3150.3,3151.43,1.25e-05,0.0012,y,True,False,,
2025-11-17 03:00:42.192271,hold,5.566689286666667,hyperliquid,lighter,3150.7,3151.35,1.25e-05,0.0012,y,True,False,,
2025-11-17 03:01:42.192531,hold,5.583356025555555,hyperliquid,lighter,3150.5,3152.73,1.25e-05,0.0012,y,True,False,,
2025-11-17 03:02:42.192762,hold,5.600022756388889,hyperliquid,lighter,3152.4,3152.78,1.25e-05,0.0012,y,True,False,,
2025-11-17 03:03:42.193016,hold,5.616689493611111,hyperliquid,lighter,3152.2,3151.14,1.25e-05,0.0012,y,True,False,,
2025-11-17 03:04:42.193240,hold,5.6333562225,hyperliquid,lighter,3150.4,3153.9,1.25e-05,0.0012,y,True,False,,
2025-11-17 03:05:42.193479,hold,5.6500229555555554,hyperliquid,lighter,3153.0,3156.35,1.25e-05,0.0012,y,True,False,,
2025-11-17 03:06:42.193659,hold,5.666689672222222,hyperliquid,lighter,3155.5,3154.86,1.25e-05,0.0012,y,True,False,,
2025-11-17 03:07:42.193954,hold,5.683356420833333,hyperliquid,lighter,3154.4,3156.27,1.25e-05,0.0012,y,True,False,,
2025-11-17 03:08:42.194203,hold,5.700023156666666,hyperliquid,lighter,3156.0,3160.56,1.25e-05,0.0012,y,True,False,,
2025-11-17 03:09:42.194458,hold,5.716689894166667,hyperliquid,lighter,3159.7,3165.15,1.25e-05,0.0012,y,True,False,,
2025-11-17 03:10:42.194725,hold,5.733356635,hyperliquid,lighter,3165.0,3163.9,1.25e-05,0.0012,y,True,False,,
2025-11-17 03:11:42.194975,hold,5.750023371111111,hyperliquid,lighter,3163.6,3165.07,1.25e-05,0.0012,y,True,False,,
2025-11-17 03:12:42.195237,hold,5.7666901105555555,hyperliquid,lighter,3164.4,3167.59,1.25e-05,0.0012,y,True,False,,
2025-11-17 03:13:42.195483,hold,5.783356845555555,hyperliquid,lighter,3166.8,3169.39,1.25e-05,0.0012,y,True,False,,
2025-11-17 03:14:42.195706,hold,5.8000235741666675,hyperliquid,lighter,3168.4,3177.82,1.25e-05,0.0012,y,True,False,,
2025-11-17 03:15:42.195988,hold,5.816690319166666,hyperliquid,lighter,3178.1,3175.3,1.25e-05,0.0012,y,True,False,,
2025-11-17 03:16:42.196231,hold,5.833357053333334,hyperliquid,lighter,3174.9,3172.44,1.25e-05,0.0012,y,True,False,,
2025-11-17 03:17:42.196499,hold,5.850023794444445,hyperliquid,lighter,3172.7,3170.17,1.25e-05,0.0012,y,True,False,,
2025-11-17 03:18:42.196744,hold,5.866690529166666,hyperliquid,lighter,3169.6,3166.93,1.25e-05,0.0012,y,True,False,,
2025-11-17 03:19:42.197018,hold,5.883357271944445,hyperliquid,lighter,3166.5,3169.74,1.25e-05,0.0012,y,True,False,,
2025-11-17 03:20:42.197254,hold,5.900024004166667,hyperliquid,lighter,3169.5,3174.05,1.25e-05,0.0012,y,True,False,,
2025-11-17 03:21:42.197436,hold,5.916690721388889,hyperliquid,lighter,3174.1,3177.05,1.25e-05,0.0012,y,True,False,,
2025-11-17 03:22:42.197701,hold,5.933357461666667,hyperliquid,lighter,3176.7,3179.43,1.25e-05,0.0012,y,True,False,,
2025-11-17 03:23:42.197969,hold,5.950024202777778,hyperliquid,lighter,3179.0,3175.0,1.25e-05,0.0012,y,True,False,,
2025-11-17 03:24:42.198214,hold,5.9666909375,hyperliquid,lighter,3176.3,3176.11,1.25e-05,0.0012,y,True,False,,
2025-11-17 03:25:42.198487,hold,5.98335768,hyperliquid,lighter,3177.4,3173.75,1.25e-05,0.0012,y,True,False,,
2025-11-17 03:26:42.198796,hold,6.0000244325,hyperliquid,lighter,3174.3,3172.86,1.25e-05,0.0012,y,True,False,,
2025-11-17 03:27:42.199041,hold,6.016691167222222,hyperliquid,lighter,3174.6,3170.52,1.25e-05,0.0012,y,True,False,,
2025-11-17 03:28:42.199277,hold,6.033357899444444,hyperliquid,lighter,3170.9,3170.6,1.25e-05,0.0012,y,True,False,,
2025-11-17 03:29:42.199498,hold,6.0500246275,hyperliquid,lighter,3171.4,3173.35,1.25e-05,0.0012,y,True,False,,
2025-11-17 03:30:42.199770,hold,6.066691369722221,hyperliquid,lighter,3173.5,3174.58,1.25e-05,0.0012,y,True,False,,
2025-11-17 03:31:42.200017,hold,6.083358104999999,hyperliquid,lighter,3174.3,3173.9,1.25e-05,0.0012,y,True,False,,
2025-11-17 03:32:42.200245,hold,6.100024835,hyperliquid,lighter,3174.1,3177.62,1.25e-05,0.0012,y,True,False,,
2025-11-17 03:33:42.200479,hold,6.116691566666666,hyperliquid,lighter,3178.4,3176.24,1.25e-05,0.0012,y,True,False,,
2025-11-17 03:34:42.200711,hold,6.133358297777778,hyperliquid,lighter,3176.4,3172.32,1.25e-05,0.0012,y,True,False,,
2025-11-17 03:35:42.200952,hold,6.150025031388888,hyperliquid,lighter,3172.5,3170.8,1.25e-05,0.0012,y,True,False,,
2025-11-17 03:36:42.201216,hold,6.166691771388889,hyperliquid,lighter,3171.3,3170.77,1.25e-05,0.0012,y,True,False,,
2025-11-17 03:37:42.201462,hold,6.183358506388889,hyperliquid,lighter,3172.0,3169.44,1.25e-05,0.0012,y,True,False,,
2025-11-17 03:38:42.201701,hold,6.200025239444445,hyperliquid,lighter,3170.8,3167.46,1.25e-05,0.0012,y,True,False,,
2025-11-17 03:39:42.201972,hold,6.216691981388889,hyperliquid,lighter,3168.4,3170.09,1.25e-05,0.0012,y,True,False,,
2025-11-17 03:40:42.202162,hold,6.2333587008333335,hyperliquid,lighter,3170.5,3173.29,1.25e-05,0.0012,y,True,False,,
2025-11-17 03:41:42.202386,hold,6.250025429722222,hyperliquid,lighter,3172.9,3172.94,1.25e-05,0.0012,y,True,False,,
2025-11-17 03:42:42.202643,hold,6.266692167777777,hyperliquid,lighter,3174.0,3171.7,1.25e-05,0.0012,y,True,False,,
2025-11-17 03:43:42.202925,hold,6.283358912777778,hyperliquid,lighter,3172.1,3171.12,1.25e-05,0.0012,y,True,False,,
2025-11-17 03:44:42.203164,hold,6.300025645833334,hyperliquid,lighter,3172.1,3171.43,1.25e-05,0.0012,y,True,False,,
2025-11-17 03:45:42.203387,hold,6.316692374444445,hyperliquid,lighter,3171.2,3172.9,1.25e-05,0.0012,y,True,False,,
2025-11-17 03:46:42.203625,hold,6.333359107222223,hyperliquid,lighter,3172.8,3173.68,1.25e-05,0.0012,y,True,False,,
2025-11-17 03:47:42.203920,hold,6.350025855833333,hyperliquid,lighter,3174.1,3171.76,1.25e-05,0.0012,y,True,False,,
2025-11-17 03:48:42.204175,hold,6.366692593333334,hyperliquid,lighter,3172.6,3174.51,1.25e-05,0.0012,y,True,False,,
2025-11-17 03:49:42.204408,hold,6.383359324722222,hyperliquid,lighter,3174.9,3174.82,1.25e-05,0.0012,y,True,False,,
2025-11-17 03:50:42.204651,hold,6.400026058888889,hyperliquid,lighter,3175.0,3177.8,1.25e-05,0.0012,y,True,False,,
2025-11-17 03:51:42.204958,hold,6.416692810833334,hyperliquid,lighter,3178.4,3178.76,1.25e-05,0.0012,y,True,False,,
2025-11-17 03:52:42.205214,hold,6.4333595486111115,hyperliquid,lighter,3179.4,3177.82,1.25e-05,0.0012,y,True,False,,
2025-11-17 03:53:42.205441,hold,6.4500262783333335,hyperliquid,lighter,3178.3,3177.06,1.25e-05,0.0012,y,True,False,,
2025-11-17 03:54:42.205693,hold,6.466693015,hyperliquid,lighter,3178.3,3175.07,1.25e-05,0.0012,y,True,False,,
2025-11-17 03:55:42.205973,hold,6.483359759444444,hyperliquid,lighter,3176.1,3175.67,1.25e-05,0.0012,y,True,False,,
2025-11-17 03:56:42.206157,hold,6.500026477222222,hyperliquid,lighter,3176.1,3174.35,1.25e-05,0.0012,y,True,False,,
2025-11-17 03:57:42.206402,hold,6.516693211944444,hyperliquid,lighter,3175.0,3177.29,1.25e-05,0.0012,y,True,False,,
2025-11-17 03:58:42.206652,hold,6.533359948055556,hyperliquid,lighter,3178.6,3177.65,1.25e-05,0.0012,y,True,False,,
2025-11-17 03:59:42.206924,hold,6.550026690277778,hyperliquid,lighter,3177.8,3180.18,1.25e-05,0.0012,y,True,False,,
2025-11-17 04:00:42.207151,hold,6.56669342,hyperliquid,lighter,3180.8,3179.03,1.25e-05,0.0012,y,True,False,,
2025-11-17 04:01:42.207328,hold,6.583360135833333,hyperliquid,lighter,3179.8,3177.49,1.25e-05,0.0012,y,True,False,,
2025-11-17 04:02:42.207570,hold,6.600026869722223,hyperliquid,lighter,3178.6,3177.33,1.25e-05,0.0012,y,True,False,,
2025-11-17 04:03:42.207818,hold,6.616693605277778,hyperliquid,lighter,3178.3,3177.93,1.25e-05,0.0012,y,True,False,,
2025-11-17 04:04:42.208053,hold,6.633360337222222,hyperliquid,lighter,3178.7,3174.02,1.25e-05,0.0012,y,True,False,,
2025-11-17 04:05:42.208322,hold,6.650027078611111,hyperliquid,lighter,3174.9,3175.63,1.25e-05,0.0012,y,True,False,,
2025-11-17 04:06:42.208582,hold,6.6666938175,hyperliquid,lighter,3175.4,3173.9,1.25e-05,0.0012,y,True,False,,
2025-11-17 04:07:42.208841,hold,6.6833605561111105,hyperliquid,lighter,3175.0,3173.08,1.25e-05,0.0012,y,True,False,,
2025-11-17 04:08:42.209080,hold,6.700027289166667,hyperliquid,lighter,3173.2,3171.65,1.25e-05,0.0012,y,True,False,,
2025-11-17 04:09:42.209375,hold,6.716694037777778,hyperliquid,lighter,3172.8,3171.06,1.25e-05,0.0012,y,True,False,,
2025-11-17 04:10:42.209619,hold,6.733360772222222,hyperliquid,lighter,3171.8,3171.84,1.25e-05,0.0012,y,True,False,,
2025-11-17 04:11:42.209864,hold,6.750027506944444,hyperliquid,lighter,3173.0,3171.33,1.25e-05,0.0012,y,True,False,,
2025-11-17 04:12:42.210120,hold,6.766694244722222,hyperliquid,lighter,3172.9,3170.04,1.25e-05,0.0012,y,True,False,,
2025-11-17 04:13:42.210365,hold,6.783360979444445,hyperliquid,lighter,3171.3,3171.24,1.25e-05,0.0012,y,True,False,,
2025-11-17 04:14:42.210591,hold,6.800027708888888,hyperliquid,lighter,3172.0,3170.62,1.25e-05,0.0012,y,True,False,,
2025-11-17 04:15:42.210989,hold,6.8166944861111105,hyperliquid,lighter,3171.1,3170.71,1.25e-05,0.0012,y,True,False,,
2025-11-17 04:16:42.211232,hold,6.833361220277778,hyperliquid,lighter,3171.0,3169.26,1.25e-05,0.0012,y,True,False,,
2025-11-17 04:17:42.211467,hold,6.850027952222222,hyperliquid,lighter,3170.1,3168.12,1.25e-05,0.0012,y,True,False,,
2025-11-17 04:18:42.211706,hold,6.866694685277778,hyperliquid,lighter,3168.8,3168.45,1.25e-05,0.0012,y,True,False,,
2025-11-17 04:19:42.211988,hold,6.883361430277778,hyperliquid,lighter,3168.9,3169.37,1.25e-05,0.0012,y,True,False,,
2025-11-17 04:20:42.212180,hold,6.9000281502777785,hyperliquid,lighter,3170.4,3169.51,1.25e-05,0.0012,y,True,False,,
2025-11-17 04:21:42.212400,hold,6.916694878055555,hyperliquid,lighter,3169.6,3174.17,1.25e-05,0.0012,y,True,False,,
2025-11-17 04:22:42.212579,hold,6.9333615944444436,hyperliquid,lighter,3174.1,3173.19,1.25e-05,0.0012,y,True,False,,
2025-11-17 04:23:42.212830,hold,6.950028330833333,hyperliquid,lighter,3174.0,3175.67,1.25e-05,0.0012,y,True,False,,
2025-11-17 04:24:42.213004,hold,6.966695045833333,hyperliquid,lighter,3175.8,3177.51,1.25e-05,0.0012,y,True,False,,
2025-11-17 04:25:42.213255,hold,6.9833617822222225,hyperliquid,lighter,3178.8,3189.93,1.25e-05,0.0012,y,True,False,,
2025-11-17 04:26:42.213444,hold,7.000028501388889,hyperliquid,lighter,3190.5,3192.53,1.25e-05,0.0012,y,True,False,,
2025-11-17 04:27:42.213694,hold,7.0166952375000005,hyperliquid,lighter,3192.9,3193.34,1.25e-05,0.0012,y,True,False,,
2025-11-17 04:28:42.213951,hold,7.033361975555556,hyperliquid,lighter,3192.8,3193.26,1.25e-05,0.0012,y,True,False,,
2025-11-17 04:29:42.214252,hold,7.050028725833333,hyperliquid,lighter,3194.0,3190.24,1.25e-05,0.0012,y,True,False,,
2025-11-17 04:30:42.214502,hold,7.066695461944445,hyperliquid,lighter,3190.7,3188.76,1.25e-05,0.0012,y,True,False,,
2025-11-17 04:31:42.214736,hold,7.083362193611111,hyperliquid,lighter,3189.2,3187.16,1.25e-05,0.0012,y,True,False,,
2025-11-17 04:32:42.214978,hold,7.1000289274999995,hyperliquid,lighter,3187.6,3184.84,1.25e-05,0.0012,y,True,False,,
2025-11-17 04:33:42.215216,hold,7.116695660277777,hyperliquid,lighter,3185.4,3182.86,1.25e-05,0.0012,y,True,False,,
2025-11-17 04:34:42.215461,hold,7.133362395,hyperliquid,lighter,3183.6,3182.41,1.25e-05,0.0012,y,True,False,,
2025-11-17 04:35:42.215715,hold,7.1500291322222225,hyperliquid,lighter,3183.8,3183.81,1.25e-05,0.0012,y,True,False,,
2025-11-17 04:36:42.215958,hold,7.1666958663888884,hyperliquid,lighter,3184.7,3184.89,1.25e-05,0.0012,y,True,False,,
2025-11-17 04:37:42.216202,hold,7.183362600833333,hyperliquid,lighter,3185.5,3184.67,1.25e-05,0.0012,y,True,False,,
2025-11-17 04:38:42.216461,hold,7.200029339444444,hyperliquid,lighter,3185.3,3187.46,1.25e-05,0.0012,y,True,False,,
2025-11-17 04:39:42.216720,hold,7.216696078055556,hyperliquid,lighter,3187.8,3188.97,1.25e-05,0.0012,y,True,False,,
2025-11-17 04:40:42.216956,hold,7.233362810277778,hyperliquid,lighter,3189.7,3190.34,1.25e-05,0.0012,y,True,False,,
2025-11-17 04:41:42.217178,hold,7.250029538611112,hyperliquid,lighter,3190.5,3191.67,1.25e-05,0.0012,y,True,False,,
2025-11-17 04:42:42.217424,hold,7.266696273611111,hyperliquid,lighter,3191.6,3192.35,1.25e-05,0.0012,y,True,False,,
2025-11-17 04:43:42.217856,hold,7.283363060277777,hyperliquid,lighter,3192.7,3192.15,1.25e-05,0.0012,y,True,False,,
2025-11-17 04:44:42.218111,hold,7.300029797777778,hyperliquid,lighter,3193.3,3189.23,1.25e-05,0.0012,y,True,False,,
2025-11-17 04:45:42.218359,hold,7.316696533333333,hyperliquid,lighter,3190.2,3189.17,1.25e-05,0.0012,y,True,False,,
2025-11-17 04:46:42.218626,hold,7.333363274166667,hyperliquid,lighter,3190.2,3187.6,1.25e-05,0.0012,y,True,False,,
2025-11-17 04:47:42.218866,hold,7.350030007499999,hyperliquid,lighter,3188.3,3186.92,1.25e-05,0.0012,y,True,False,,
2025-11-17 04:48:42.219107,hold,7.366696741111111,hyperliquid,lighter,3188.1,3187.2,1.25e-05,0.0012,y,True,False,,
2025-11-17 04:49:42.219296,hold,7.383363460277778,hyperliquid,lighter,3187.8,3186.88,1.25e-05,0.0012,y,True,False,,
2025-11-17 04:50:42.219519,hold,7.4000301888888895,hyperliquid,lighter,3186.9,3187.67,1.25e-05,0.0012,y,True,False,,
2025-11-17 04:51:42.219778,hold,7.4166969275,hyperliquid,lighter,3188.9,3186.45,1.25e-05,0.0012,y,True,False,,
2025-11-17 04:52:42.220035,hold,7.4333636655555555,hyperliquid,lighter,3187.3,3185.34,1.25e-05,0.0012,y,True,False,,
2025-11-17 04:53:42.220251,hold,7.450030392222223,hyperliquid,lighter,3185.0,3185.52,1.25e-05,0.0012,y,True,False,,
2025-11-17 04:54:42.220494,hold,7.466697126388889,hyperliquid,lighter,3185.7,3185.46,1.25e-05,0.0012,y,True,False,,
2025-11-17 04:55:42.220720,hold,7.483363855833334,hyperliquid,lighter,3185.6,3185.3,1.25e-05,0.0012,y,True,False,,
2025-11-17 04:56:42.220969,hold,7.5000305916666665,hyperliquid,lighter,3185.7,3186.26,1.25e-05,0.0012,y,True,False,,
2025-11-17 04:57:42.221192,hold,7.516697320277777,hyperliquid,lighter,3186.3,3185.33,1.25e-05,0.0012,y,True,False,,
2025-11-17 04:58:42.221418,hold,7.5333640497222225,hyperliquid,lighter,3185.5,3186.41,1.25e-05,0.0012,y,True,False,,
2025-11-17 04:59:42.221680,hold,7.550030789166667,hyperliquid,lighter,3186.7,3188.52,1.25e-05,0.0012,y,True,False,,
2025-11-17 05:00:42.221961,hold,7.566697533888888,hyperliquid,lighter,3188.2,3187.82,1.25e-05,0.0012,y,True,False,,
2025-11-17 05:01:42.222190,hold,7.583364264166667,hyperliquid,lighter,3187.7,3186.92,1.25e-05,0.0012,y,True,False,,
2025-11-17 05:02:42.222426,hold,7.600030996388889,hyperliquid,lighter,3187.2,3186.43,1.25e-05,0.0012,y,True,False,,
2025-11-17 05:03:42.222656,hold,7.6166977269444445,hyperliquid,lighter,3187.3,3186.88,1.25e-05,0.0012,y,True,False,,
2025-11-17 05:04:42.222902,hold,7.633364461944445,hyperliquid,lighter,3187.5,3190.39,1.25e-05,0.0012,y,True,False,,
2025-11-17 05:05:42.223136,hold,7.650031193611111,hyperliquid,lighter,3190.5,3191.45,1.25e-05,0.0012,y,True,False,,
2025-11-17 05:06:42.223369,hold,7.666697924999999,hyperliquid,lighter,3191.9,3189.27,1.25e-05,0.0012,y,True,False,,
2025-11-17 05:07:42.223601,hold,7.683364656111111,hyperliquid,lighter,3190.2,3183.05,1.25e-05,0.0012,y,True,False,,
2025-11-17 05:08:42.223855,hold,7.700031393333333,hyperliquid,lighter,3184.0,3179.7,1.25e-05,0.0012,y,True,False,,
2025-11-17 05:09:42.224072,hold,7.716698120277778,hyperliquid,lighter,3180.3,3181.17,1.25e-05,0.0012,y,True,False,,
2025-11-17 05:10:42.224309,hold,7.733364852777778,hyperliquid,lighter,3182.0,3179.41,1.25e-05,0.0012,y,True,False,,
2025-11-17 05:11:42.224540,hold,7.75003158361111,hyperliquid,lighter,3180.2,3179.97,1.25e-05,0.0012,y,True,False,,
2025-11-17 05:12:42.224788,hold,7.766698319166666,hyperliquid,lighter,3180.5,3180.39,1.25e-05,0.0012,y,True,False,,
2025-11-17 05:13:42.225038,hold,7.783365055277778,hyperliquid,lighter,3181.2,3180.49,1.25e-05,0.0012,y,True,False,,
2025-11-17 05:14:42.225270,hold,7.80003178638889,hyperliquid,lighter,3181.3,3182.55,1.25e-05,0.0012,y,True,False,,
2025-11-17 05:15:42.225517,hold,7.816698521666667,hyperliquid,lighter,3183.5,3184.62,1.25e-05,0.0012,y,True,False,,
2025-11-17 05:16:42.225738,hold,7.833365249722222,hyperliquid,lighter,3186.1,3184.9,1.25e-05,0.0012,y,True,False,,
2025-11-17 05:17:42.225992,hold,7.850031986944444,hyperliquid,lighter,3185.8,3181.17,1.25e-05,0.0012,y,True,False,,
2025-11-17 05:18:42.226258,hold,7.8666987275,hyperliquid,lighter,3182.9,3185.19,1.25e-05,0.0012,y,True,False,,
2025-11-17 05:19:42.226512,hold,7.883365464722222,hyperliquid,lighter,3186.5,3185.98,1.25e-05,0.0012,y,True,False,,
2025-11-17 05:20:42.226776,hold,7.900032204722222,hyperliquid,lighter,3187.3,3182.08,1.25e-05,0.0012,y,True,False,,
2025-11-17 05:21:42.227012,hold,7.916698936944444,hyperliquid,lighter,3183.2,3180.58,1.25e-05,0.0012,y,True,False,,
2025-11-17 05:22:42.227283,hold,7.933365678888888,hyperliquid,lighter,3181.6,3179.49,1.25e-05,0.0012,y,True,False,,
2025-11-17 05:23:42.227516,hold,7.950032410277778,hyperliquid,lighter,3181.0,3183.37,1.25e-05,0.0012,y,True,False,,
2025-11-17 05:24:42.227741,hold,7.966699139444445,hyperliquid,lighter,3184.2,3183.45,1.25e-05,0.0012,y,True,False,,
2025-11-17 05:25:42.227964,hold,7.9833658680555555,hyperliquid,lighter,3184.9,3185.16,1.25e-05,0.0012,y,True,False,,
2025-11-17 05:26:42.228197,hold,8.000032599444443,hyperliquid,lighter,3186.4,3190.32,1.25e-05,0.0012,y,True,False,,
2025-11-17 05:27:42.228444,hold,8.016699334722222,hyperliquid,lighter,3190.4,3189.3,1.25e-05,0.0012,y,True,False,,
2025-11-17 05:28:42.228713,hold,8.033366076111111,hyperliquid,lighter,3190.4,3191.17,1.25e-05,0.0012,y,True,False,,
2025-11-17 05:29:42.228958,hold,8.050032810833333,hyperliquid,lighter,3192.2,3189.74,1.25e-05,0.0012,y,True,False,,
2025-11-17 05:30:42.229226,hold,8.066699551944444,hyperliquid,lighter,3191.3,3193.21,1.25e-05,0.0012,y,True,False,,
2025-11-17 05:31:42.229465,hold,8.083366285,hyperliquid,lighter,3194.2,3190.17,1.25e-05,0.0012,y,True,False,,
2025-11-17 05:32:42.229704,hold,8.100033018055555,hyperliquid,lighter,3191.5,3187.69,1.25e-05,0.0012,y,True,False,,
2025-11-17 05:33:42.229951,hold,8.116699753333334,hyperliquid,lighter,3188.9,3186.76,1.25e-05,0.0012,y,True,False,,
2025-11-17 05:34:42.230187,hold,8.133366485555555,hyperliquid,lighter,3187.7,3185.63,1.25e-05,0.0012,y,True,False,,
2025-11-17 05:35:42.230432,hold,8.150033220277777,hyperliquid,lighter,3186.4,3184.24,1.25e-05,0.0012,y,True,False,,
2025-11-17 05:36:42.230690,hold,8.166699958611112,hyperliquid,lighter,3185.5,3180.56,1.25e-05,0.0012,y,True,False,,
2025-11-17 05:37:42.230965,hold,8.183366701666667,hyperliquid,lighter,3181.5,3179.37,1.25e-05,0.0012,y,True,False,,
2025-11-17 05:38:42.231194,hold,8.200033431944444,hyperliquid,lighter,3180.4,3181.1,1.25e-05,0.0012,y,True,False,,
2025-11-17 05:39:42.231437,hold,8.216700166111112,hyperliquid,lighter,3181.5,3181.82,1.25e-05,0.0012,y,True,False,,
2025-11-17 05:40:42.231702,hold,8.23336690638889,hyperliquid,lighter,3182.2,3183.23,1.25e-05,0.0012,y,True,False,,
2025-11-17 05:41:42.231953,hold,8.250033642777778,hyperliquid,lighter,3183.6,3183.57,1.25e-05,0.0012,y,True,False,,
2025-11-17 05:42:42.232192,hold,8.266700375833333,hyperliquid,lighter,3183.3,3182.85,1.25e-05,0.0012,y,True,False,,
2025-11-17 05:43:42.232446,hold,8.283367113055556,hyperliquid,lighter,3183.0,3182.56,1.25e-05,0.0012,y,True,False,,
2025-11-17 05:44:42.232617,hold,8.300033827222222,hyperliquid,lighter,3182.5,3182.67,1.25e-05,0.0012,y,True,False,,
2025-11-17 05:45:42.232846,hold,8.3167005575,hyperliquid,lighter,3182.6,3185.27,1.25e-05,0.0012,y,True,False,,
2025-11-17 05:46:42.233108,hold,8.333367296944445,hyperliquid,lighter,3185.4,3185.61,1.25e-05,0.0012,y,True,False,,
2025-11-17 05:47:42.233337,hold,8.350034027222222,hyperliquid,lighter,3185.7,3185.81,1.25e-05,0.0012,y,True,False,,
2025-11-17 05:48:42.233542,hold,8.366700750833333,hyperliquid,lighter,3185.7,3187.63,1.25e-05,0.0012,y,True,False,,
2025-11-17 05:49:42.233790,hold,8.38336748638889,hyperliquid,lighter,3186.9,3187.92,1.25e-05,0.0012,y,True,False,,
2025-11-17 05:50:42.234034,hold,8.400034220833334,hyperliquid,lighter,3187.9,3188.97,1.25e-05,0.0012,y,True,False,,
2025-11-17 05:51:42.234272,hold,8.41670095361111,hyperliquid,lighter,3188.7,3185.51,1.25e-05,0.0012,y,True,False,,
2025-11-17 05:52:42.234511,hold,8.433367686666667,hyperliquid,lighter,3185.7,3186.26,1.25e-05,0.0012,y,True,False,,
2025-11-17 05:53:42.234748,hold,8.450034419166666,hyperliquid,lighter,3185.9,3186.38,1.25e-05,0.0012,y,True,False,,
2025-11-17 05:54:42.235001,hold,8.46670115611111,hyperliquid,lighter,3186.0,3188.57,1.25e-05,0.0012,y,True,False,,
2025-11-17 05:55:42.235240,hold,8.483367889166667,hyperliquid,lighter,3188.2,3188.53,1.25e-05,0.0012,y,True,False,,
2025-11-17 05:56:42.235475,hold,8.50003462111111,hyperliquid,lighter,3188.5,3190.93,1.25e-05,0.0012,y,True,False,,
2025-11-17 05:57:42.235680,hold,8.516701344722222,hyperliquid,lighter,3191.0,3189.02,1.25e-05,0.0012,y,True,False,,
2025-11-17 05:58:42.235969,hold,8.533368091666667,hyperliquid,lighter,3189.3,3187.96,1.25e-05,0.0012,y,True,False,,
2025-11-17 05:59:42.236213,hold,8.55003482611111,hyperliquid,lighter,3187.6,3190.07,1.25e-05,0.0012,y,True,False,,
2025-11-17 06:00:42.236454,hold,8.566701559722222,hyperliquid,lighter,3190.5,3189.59,1.25e-05,0.0012,y,True,False,,
2025-11-17 06:01:42.236689,hold,8.583368291666666,hyperliquid,lighter,3189.0,3190.27,1.25e-05,0.0012,y,True,False,,
2025-11-17 06:02:42.236951,hold,8.600035031111112,hyperliquid,lighter,3190.3,3189.43,1.25e-05,0.0012,y,True,False,,
2025-11-17 06:03:42.237190,hold,8.616701764166667,hyperliquid,lighter,3189.1,3188.38,1.25e-05,0.0012,y,True,False,,
2025-11-17 06:04:42.237415,hold,8.633368493333332,hyperliquid,lighter,3188.4,3187.56,1.25e-05,0.0012,y,True,False,,
2025-11-17 06:05:42.237653,hold,8.650035226111111,hyperliquid,lighter,3188.1,3190.52,1.25e-05,0.0012,y,True,False,,
2025-11-17 06:06:42.237920,hold,8.666701966944444,hyperliquid,lighter,3190.8,3184.35,1.25e-05,0.0012,y,True,False,,
2025-11-17 06:07:42.238100,hold,8.683368683611112,hyperliquid,lighter,3185.3,3185.08,1.25e-05,0.0012,y,True,False,,
2025-11-17 06:08:42.238339,hold,8.700035416666667,hyperliquid,lighter,3185.2,3182.53,1.25e-05,0.0012,y,True,False,,
2025-11-17 06:09:42.238566,hold,8.716702146388888,hyperliquid,lighter,3182.6,3177.26,1.25e-05,0.0012,y,True,False,,
2025-11-17 06:10:42.238851,hold,8.733368892222222,hyperliquid,lighter,3177.9,3176.73,1.25e-05,0.0012,y,True,False,,
2025-11-17 06:11:42.239092,hold,8.750035625833332,hyperliquid,lighter,3177.0,3175.64,1.25e-05,0.0012,y,True,False,,
2025-11-17 06:12:42.239331,hold,8.766702358888889,hyperliquid,lighter,3176.3,3175.47,1.25e-05,0.0012,y,True,False,,
2025-11-17 06:13:42.239586,hold,8.783369096388888,hyperliquid,lighter,3175.6,3176.67,1.25e-05,0.0012,y,True,False,,
2025-11-17 06:14:42.239821,hold,8.800035828333334,hyperliquid,lighter,3175.9,3176.86,1.25e-05,0.0012,y,True,False,,
2025-11-17 06:15:42.240053,hold,8.816702559444444,hyperliquid,lighter,3177.3,3180.32,1.25e-05,0.0012,y,True,False,,
2025-11-17 06:16:42.240308,hold,8.833369296944444,hyperliquid,lighter,3180.4,3184.24,1.25e-05,0.0012,y,True,False,,
2025-11-17 06:17:42.240545,hold,8.850036029444444,hyperliquid,lighter,3183.3,3188.62,1.25e-05,0.0012,y,True,False,,
2025-11-17 06:18:42.240787,hold,8.866702763333334,hyperliquid,lighter,3188.8,3189.7,1.25e-05,0.0012,y,True,False,,
2025-11-17 06:19:42.241024,hold,8.883369495833334,hyperliquid,lighter,3189.6,3187.25,1.25e-05,0.0012,y,True,False,,
2025-11-17 06:20:42.241271,hold,8.90003623111111,hyperliquid,lighter,3187.4,3186.97,1.25e-05,0.0012,y,True,False,,
2025-11-17 06:21:42.241504,hold,8.9167029625,hyperliquid,lighter,3187.3,3185.96,1.25e-05,0.0012,y,True,False,,
2025-11-17 06:22:42.241742,hold,8.933369695277777,hyperliquid,lighter,3186.3,3186.25,1.25e-05,0.0012,y,True,False,,
2025-11-17 06:23:42.241972,hold,8.950036425833334,hyperliquid,lighter,3186.9,3187.89,1.25e-05,0.0012,y,True,False,,
2025-11-17 06:24:42.242209,hold,8.966703158333333,hyperliquid,lighter,3188.2,3188.5,1.25e-05,0.0012,y,True,False,,
2025-11-17 06:25:42.242445,hold,8.983369890555556,hyperliquid,lighter,3188.8,3189.68,1.25e-05,0.0012,y,True,False,,
